,alb,ara,chn,deu,ell,eng,fin,fra,hrv,ita,ind,jpn,pol,por,zsm,nld,rus,spa,vnm,bel,hin
A,Ku është A?,أين هو A؟,字母A在哪里？,Wo ist das A?,Πού είναι το Α;,Where is the A?,Missä A on?,Où est le A ?,Gdje je A?,Dov'è la A?,Dimana huruf A?,Aはどこですか？,Gdzie jest A?,Onde está o A?,Di manakah A?,Waar is de A?,Где буква А?,¿Dónde está la A?,Chữ A ở đâu?,Дзе літара А?,A अक्षर कहाँ है?
B,Ku është B?,أين هو B؟,字母B在哪里？,Wo ist das B?,Πού είναι το Β;,Where is the B?,Missä B on?,Où est le B ?,Gdje je B?,Dov'è la B?,Dimana huruf B?,Bはどこですか？,Gdzie jest B?,Onde está o B?,Di manakah B?,Waar is de B?,Где буква B?,¿Dónde está la B?,Chữ B ở đâu?,Дзе літара B?,B अक्षर कहाँ है?
C,Ku është C?,أين هو C؟,字母C在哪里？,Wo ist das C?,Πού είναι το C;,Where is the C?,Missä C on?,Où est le C ?,Gdje je C?,Dov'è la C?,Dimana huruf C?,Cはどこにすか？,Gdzie jest C?,Onde está o C?,Di manakah C?,Waar is de C?,Где буква С?,¿Dónde está la C?,Chữ C ở đâu?,Дзе літара С?,C अक्षर कहाँ है?
D,Ku është D?,أين هو D؟,字母D在哪里？,Wo ist das D?,Πού είναι το D;,Where is the D?,Missä D on?,Où est le D ?,Gdje je D?,Dov'è la D?,Dimana huruf D?,Dはどこですか？,Gdzie jest D?,Onde está o D?,Di manakah D?,Waar is de D?,Где буква D?,¿Dónde está la D?,Chữ D ở đâu?,Дзе літара D?,D अक्षर कहाँ है?
E,Ku është E?,أين هو E؟,字母E在哪里？,Wo ist das E?,Πού είναι το Ε;,Where is the E?,Missä E on?,Où est le E ?,Gdje je E?,Dov'è la E?,Dimana huruf E?,Eはどこですか？,Gdzie jest E?,Onde está o E?,Di manakah E?,Waar is de E?,Где буква Е?,¿Dónde está la E?,Chữ E ở đâu?,Дзе літара Е?,E अक्षर कहाँ है?
F,Ku është F?,أين هو F؟,字母F在哪里？,Wo ist das F?,Πού είναι το F;,Where is the F?,Missä F on?,Où est le F ?,Gdje je F?,Dov'è la F?,Dimana huruf F?,Fはどこですか？,Gdzie jest F?,Onde está o F?,Di manakah F?,Waar is de F?,Где буква F?,¿Dónde está la F?,Chữ F ở đâu?,Дзе літара F?,F अक्षर कहाँ है?
G,Ku është G?,أين هو G؟,字母G在哪里？,Wo ist das G?,Πού είναι το G;,Where is the G?,Missä G on?,Où est le G ?,Gdje je G?,Dov'è la G?,Dimana huruf G?,Gはどこにすか？,Gdzie jest G?,Onde está o G?,Di manakah G?,Waar is de G?,Где буква G?,¿Dónde está la G?,Chữ G ở đâu?,Дзе літара G?,G अक्षर कहाँ है?
H,Ku është H?,أين هي H؟,字母H在哪里？,Wo ist das H?,Πού είναι το H;,Where is the H?,Missä H on?,Où est le H ?,Gdje je H?,Dov'è la H?,Dimana huruf H?,Hはどこですか？,Gdzie jest H?,Onde está o H?,Di manakah H?,Waar is de H?,Где буква H?,¿Dónde está la H?,Chữ H ở đâu?,Дзе літара Н?,H अक्षर कहाँ है?
I,Ku është I?,أين هو I؟,字母I在哪里？,Wo ist das I?,Πού είναι το I;,Where is the I?,Missä I on?,Où est le I ?,Gdje je I?,Dov'è l'I?,Dimana huruf I?,Iはどこにすか？,Gdzie jest I?,Onde está o I?,Di manakah I?,Waar is de I?,Где буква I?,¿Dónde está el I?,Chữ I ở đâu?,Дзе літара I?,I अक्षर कहाँ है?
J,Ku është J?,أين هو J؟,字母J在哪里？,Wo ist das J?,Πού είναι το J;,Where is the J?,Missä J on?,Où est le J ?,Gdje je J?,Dov'è la J?,Dimana huruf J?,Jはどこですか？,Gdzie jest J?,Onde está o J?,Di manakah J?,Waar is de J?,Где буква J?,¿Dónde está la J?,Chữ J ở đâu?,Дзе літара J?,J अक्षर कहाँ है?
K,Ku është K?,أين هو K؟,字母K在哪里？,Wo ist das K?,Πού είναι το Κ;,Where is the K?,Missä K on?,Où est le K ?,Gdje je K?,Dov'è la K?,Dimana huruf K?,Kはどこですか？,Gdzie jest K?,Onde está o K?,Di manakah K?,Waar is de K?,Где буква K?,¿Dónde está la K?,Chữ K ở đâu?,Дзе літара К?,K अक्षर कहाँ है?
L,Ku është L?,أين هو L؟,字母L在哪里？,Wo ist das L?,Πού είναι το L;,Where is the L?,Missä L on?,Où est le L ?,Gdje je L?,Dov'è la L?,Dimana huruf L?,Lはどこですか？,Gdzie jest L?,Onde está o L?,Di manakah L?,Waar is de L?,Где буква L?,¿Dónde está la L?,Chữ L ở đâu?,Дзе літара L?,L अक्षर कहाँ है?
M,Ku është M?,أين هو M؟,字母M在哪里？,Wo ist das M?,Πού είναι το Μ;,Where is the M?,Missä M on?,Où est le M ?,Gdje je M?,Dov'è la M?,Dimana huruf M?,Mはどこですか？,Gdzie jest M?,Onde está o M?,Di manakah M?,Waar is de M?,Где буква М?,¿Dónde está la M?,Chữ M ở đâu?,Дзе літара М?,M अक्षर कहाँ है?
N,Ku është N?,أين هو N؟,字母N在哪里？,Wo ist das N?,Πού είναι το Ν;,Where is the N?,Missä N on?,Où est le N ?,Gdje je N?,Dov'è la N?,Dimana huruf N?,Nはどこですか？,Gdzie jest N?,Onde está o N?,Di manakah N?,Waar is de N?,Где буква N?,¿Dónde está la N?,Chữ N ở đâu?,Дзе літара N?,N अक्षर कहाँ है?
O,Ku është O?,أين هو O؟,字母O在哪里？,Wo ist das Ö?,Πού είναι το Ο;,Where is the O?,Missä O on?,Où est le O ?,Gdje je O?,Dov'è l'O?,Dimana huruf O?,Oはどこですか？,Gdzie jest O?,Onde está o O?,Di manakah O?,Waar is de O?,Где буква О?,¿Dónde está la O?,Chữ O ở đâu?,Дзе літара О?,O अक्षर कहाँ है?
P,Ku është P?,أين هو P؟,字母P在哪里？,Wo ist das P?,Πού είναι το P;,Where is the P?,Missä P on?,Où est le P ?,Gdje je P?,Dov'è la P?,Dimana huruf P?,Pはどこにすか？,Gdzie jest P?,Onde está o P?,Di manakah P?,Waar is de P?,Где буква P?,¿Dónde está la P?,Chữ P ở đâu?,Дзе літара P?,P अक्षर कहाँ है?
Q,Ku është Q?,أين هو Q؟,字母Q在哪里？,Wo ist das Q?,Πού είναι το Q;,Where is the Q?,Missä Q on?,Où est le Q ?,Gdje je Q?,Dov'è la Q?,Dimana huruf Q?,Qはどこにすか？,Gdzie jest Q?,Onde está o Q?,Di manakah Q?,Waar is de Q?,Где буква Q?,¿Dónde está la Q?,Chữ Q ở đâu?,Дзе літара Q?,Q अक्षर कहाँ है?
R,Ku është R?,أين هو R؟,字母R在哪里？,Wo ist das R?,Πού είναι το R;,Where is the R?,Missä R on?,Où est le R ?,Gdje je R?,Dov'è la R?,Dimana huruf R?,Rはどこですか？,Gdzie jest R?,Onde está o R?,Di manakah R?,Waar is de R?,Где буква R?,¿Dónde está la R?,Chữ R ở đâu?,Дзе літара R?,R अक्षर कहाँ है?
S,Ku është S?,أين هو S؟,字母S在哪里？,Wo ist das S?,Πού είναι το S;,Where is the S?,Missä S on?,Où est le S ?,Gdje je S?,Dov'è la S?,Dimana huruf S?,Sはどこですか？,Gdzie jest S?,Onde está o S?,Di manakah S?,Waar is de S?,Где буква S?,¿Dónde está la S?,Chữ S ở đâu?,Дзе літара S?,S अक्षर कहाँ है?
T,Ku është T?,أين هو T؟,字母T在哪里？,Wo ist das T?,Πού είναι το Τ;,Where is the T?,Missä T on?,Où est le T ?,Gdje je T?,Dov'è la T?,Dimana huruf T?,Tはどこですか？,Gdzie jest T?,Onde está o T?,Di manakah T?,Waar is de T?,Где буква Т?,¿Dónde está la T?,Chữ T ở đâu?,Дзе літара Т?,T अक्षर कहाँ है?
U,Ku është U?,اين هو U؟,字母U在哪里？,Wo ist das U?,Πού είναι το U;,Where is the U?,Missä U on?,Où est le U ?,Gdje je U?,Dov'è l'U?,Dimana huruf U?,Uはどこですか？,Gdzie jest U?,Onde está o U?,Di manakah U?,Waar is de U?,Где буква U?,¿Dónde está la U?,Chữ U ở đâu?,Дзе літара U?,U अक्षर कहाँ है?
V,Ku është V?,أين هو V؟,字母V在哪里？,Wo ist das V?,Πού είναι το V;,Where is the V?,Missä V on?,Où est le V ?,Gdje je V?,Dov'è la V?,Dimana huruf V?,Vはどこにすか？,Gdzie jest V?,Onde está o V?,Di manakah V?,Waar is de V?,Где буква V?,¿Dónde está la V?,Chữ V ở đâu?,Дзе літара V?,V अक्षर कहाँ है?
W,Ku është W?,أين هو W؟,字母W在哪里？,Wo ist das W?,Πού είναι το W;,Where is the W?,Missä W on?,Où est le W ?,Gdje je W?,Dov'è la W?,Dimana huruf W?,Wはどこですか？,Gdzie jest W?,Onde está o W?,Di manakah W?,Waar is de W?,Где буква W?,¿Dónde está la W?,Chữ W ở đâu?,Дзе літара W?,W अक्षर कहाँ है?
X,Ku është X?,أين هو X؟,字母X在哪里？,Wo ist das X?,Πού είναι το Χ;,Where is the X?,Missä X on?,Où est le X ?,Gdje je X?,Dov'è la X?,Dimana huruf X?,Xはどこにすか？,Gdzie jest X?,Onde está o X?,Di manakah X?,Waar is de X?,Где буква Х?,¿Dónde está la X?,Chữ X ở đâu?,Дзе літара Х?,X अक्षर कहाँ है?
Y,Ku është Y?,أين هو Y؟,字母Y在哪里？,Wo ist das Y?,Πού είναι το Υ;,Where is the Y?,Missä Y on?,Où est le Y ?,Gdje je Y?,Dov'è la Y?,Dimana huruf Y?,Yはどこですか？,Gdzie jest Y?,Onde está o Y?,Di manakah Y?,Waar is de Y?,Где буква Y?,¿Dónde está la Y?,Chữ Y ở đâu?,Дзе літара Y?,Y अक्षर कहाँ है?
Z,Ku është Z?,أين هو Z؟,字母Z在哪里？,Wo ist das Z?,Πού είναι το Ζ;,Where is the Z?,Missä Z on?,Où est le Z ?,Gdje je Z?,Dov'è la Z?,Dimana huruf Z?,Zはどこにすか？,Gdzie jest Z?,Onde está o Z?,Di manakah Z?,Waar is de Z?,Где буква Z?,¿Dónde está la Z?,Chữ Z ở đâu?,Дзе літара Z?,Z अक्षर कहाँ है?
